{
  "Create new customer from csv" : {
    "transaction" : "Create new customer from csv",
    "sampleCount" : 10,
    "errorCount" : 1,
    "errorPct" : 10.0,
    "meanResTime" : 1180.1,
    "medianResTime" : 281.0,
    "minResTime" : 269.0,
    "maxResTime" : 4289.0,
    "pct1ResTime" : 4287.5,
    "pct2ResTime" : 4289.0,
    "pct3ResTime" : 4289.0,
    "throughput" : 0.6924728204417977,
    "receivedKBytesPerSec" : 0.2328304610137802,
    "sentKBytesPerSec" : 0.3433961896683055
  },
  "Customer Login" : {
    "transaction" : "Customer Login",
    "sampleCount" : 10,
    "errorCount" : 1,
    "errorPct" : 10.0,
    "meanResTime" : 4572.1,
    "medianResTime" : 3613.0,
    "minResTime" : 1979.0,
    "maxResTime" : 11433.0,
    "pct1ResTime" : 11049.600000000002,
    "pct2ResTime" : 11433.0,
    "pct3ResTime" : 11433.0,
    "throughput" : 0.8460952703274389,
    "receivedKBytesPerSec" : 0.38107337761231913,
    "sentKBytesPerSec" : 0.24457441407902528
  },
  "Total" : {
    "transaction" : "Total",
    "sampleCount" : 40,
    "errorCount" : 4,
    "errorPct" : 10.0,
    "meanResTime" : 2077.675,
    "medianResTime" : 540.5,
    "minResTime" : 1.0,
    "maxResTime" : 11433.0,
    "pct1ResTime" : 6255.299999999999,
    "pct2ResTime" : 9460.049999999992,
    "pct3ResTime" : 11433.0,
    "throughput" : 2.2582284198046634,
    "receivedKBytesPerSec" : 6.306554949048721,
    "sentKBytesPerSec" : 0.83421030810704
  },
  "search customer" : {
    "transaction" : "search customer",
    "sampleCount" : 10,
    "errorCount" : 1,
    "errorPct" : 10.0,
    "meanResTime" : 690.7,
    "medianResTime" : 279.5,
    "minResTime" : 273.0,
    "maxResTime" : 3382.0,
    "pct1ResTime" : 3173.8000000000006,
    "pct2ResTime" : 3382.0,
    "pct3ResTime" : 3382.0,
    "throughput" : 0.6926646810279143,
    "receivedKBytesPerSec" : 0.23634476518667313,
    "sentKBytesPerSec" : 0.24784408118030063
  },
  "Customer List" : {
    "transaction" : "Customer List",
    "sampleCount" : 10,
    "errorCount" : 1,
    "errorPct" : 10.0,
    "meanResTime" : 1867.8,
    "medianResTime" : 540.5,
    "minResTime" : 1.0,
    "maxResTime" : 9558.0,
    "pct1ResTime" : 9159.600000000002,
    "pct2ResTime" : 9558.0,
    "pct3ResTime" : 9558.0,
    "throughput" : 0.6921852287672181,
    "receivedKBytesPerSec" : 6.951594621720773,
    "sentKBytesPerSec" : 0.23178741693777255
  }
}